{"v":"5.1.11","fr":30,"ip":0,"op":1800,"w":1000,"h":1000,"nm":"inp_bg_02_green","ddd":0,"assets":[],"layers":[{"ddd":0,"ind":1,"ty":4,"nm":"purple_hill","sr":1,"ks":{"o":{"a":0,"k":100,"ix":11},"r":{"a":0,"k":15.66,"ix":10},"p":{"a":0,"k":[2,88,0],"ix":2},"a":{"a":0,"k":[0,0,0],"ix":1},"s":{"a":0,"k":[136.332,136.332,100],"ix":6}},"ao":0,"shapes":[{"ty":"gr","it":[{"ty":"sr","sy":2,"d":1,"pt":{"a":0,"k":5,"ix":3},"p":{"a":0,"k":[0,0],"ix":4},"r":{"a":1,"k":[{"i":{"x":[0.833],"y":[0.833]},"o":{"x":[0.167],"y":[0.167]},"n":["0p833_0p833_0p167_0p167"],"t":0,"s":[0],"e":[360]},{"t":1800}],"ix":5},"or":{"a":0,"k":383.697,"ix":7},"os":{"a":0,"k":30,"ix":9},"ix":1,"nm":"Polystar Path 1","mn":"ADBE Vector Shape - Star","hd":false},{"ty":"gs","o":{"a":0,"k":100,"ix":9},"w":{"a":0,"k":371,"ix":10},"g":{"p":3,"k":{"a":0,"k":[0.001,0,0.8117647058823529,0.7843137254901961,0.5,0.011764705882352941,1,0.9647058823529412,1,0.11764705882352941,0.12549019607843137,0.13333333333333333],"ix":8}},"s":{"a":0,"k":[-229.68,34.334],"ix":4},"e":{"a":0,"k":[-169.186,589.962],"ix":5},"t":1,"lc":1,"lj":1,"ml":4,"nm":"purple_stroke","mn":"ADBE Vector Graphic - G-Stroke","hd":false},{"ty":"rp","c":{"a":0,"k":30,"ix":1},"o":{"a":0,"k":0,"ix":2},"m":1,"ix":3,"tr":{"ty":"tr","p":{"a":0,"k":[-14,16],"ix":2},"a":{"a":0,"k":[0,0],"ix":1},"s":{"a":0,"k":[100,100],"ix":3},"r":{"a":0,"k":5,"ix":4},"so":{"a":0,"k":100,"ix":5},"eo":{"a":0,"k":100,"ix":6},"nm":"Transform"},"nm":"Repeater 1","mn":"ADBE Vector Filter - Repeater","hd":false},{"ty":"tr","p":{"a":0,"k":[1542.555,-1153.461],"ix":2},"a":{"a":0,"k":[0,0],"ix":1},"s":{"a":0,"k":[227.912,227.912],"ix":3},"r":{"a":0,"k":2.376,"ix":6},"o":{"a":0,"k":100,"ix":7},"sk":{"a":0,"k":0,"ix":4},"sa":{"a":0,"k":0,"ix":5},"nm":"Transform"}],"nm":"purple","np":3,"cix":2,"ix":1,"mn":"ADBE Vector Group","hd":false}],"ip":0,"op":1800,"st":0,"bm":0}],"markers":[]}